Top Genre,Artist Type,Year Released,Top Year,BPM,Artist
Alt Z,Solo,2021.0,2016.0,120.0,Astrid S
Art Pop,Solo,2021.0,2011.0,122.0,Lykke Li
Grime,Solo,2021.0,2011.0,101.0,Professor Green
Boy Band,Band/Group,2020.0,2019.0,176.0,5 Seconds of Summer
Dance Pop,Solo,2020.0,2019.0,102.0,Lauv
Afro Dancehall,Band/Group,2020.0,2019.0,102.0,NSG
Alt Z,Solo,2020.0,2016.0,113.0,Kiiara
Dance Pop,Solo,2020.0,2010.0,121.0,Sean Kingston
Australian Dance,Duo,2020.0,2010.0,125.0,Yolanda Be Cool
Grime,Solo,2019.0,2019.0,134.0,AJ Tracey
Latin,Solo,2019.0,2019.0,105.0,Anuel AA
Latin,Solo,2019.0,2019.0,92.0,Anuel AA
Dance Pop,Solo,2019.0,2019.0,140.0,Ariana Grande
Dance Pop,Solo,2019.0,2019.0,107.0,Ariana Grande
Dance Pop,Solo,2019.0,2019.0,170.0,Ariana Grande
Dance Pop,Solo,2019.0,2019.0,190.0,Ariana Grande
Pop,Solo,2019.0,2019.0,125.0,Ashley O
Latin,Solo,2019.0,2019.0,176.0,Bad Bunny
Art Pop,Solo,2019.0,2019.0,135.0,Billie Eilish
Art Pop,Solo,2019.0,2019.0,83.0,Billie Eilish
Art Pop,Solo,2019.0,2019.0,120.0,Billie Eilish
K-Pop,Band/Group,2019.0,2019.0,132.0,BLACKPINK
Black Americana,Solo,2019.0,2019.0,98.0,Blanco Brown
K-Pop,Band/Group,2019.0,2019.0,120.0,BTS
Dance Pop,Solo,2019.0,2019.0,134.0,Cardi B
North Carolina Hip Hop,Solo,2019.0,2019.0,75.0,DaBaby
Uk Hip Hop,Solo,2019.0,2019.0,110.0,Dave
Dance Pop,Solo,2019.0,2019.0,170.0,Doja Cat
Canadian Hip Hop,Solo,2019.0,2019.0,101.0,Drake
Dance Pop,Solo,2019.0,2019.0,124.0,Dua Lipa
Pop,Solo,2019.0,2019.0,138.0,Ed Sheeran
Pop,Solo,2019.0,2019.0,95.0,Ed Sheeran
Pop,Solo,2019.0,2019.0,152.0,Ed Sheeran
Melodic Rap,Solo,2019.0,2019.0,150.0,Flipp Dinero
Dark Clubbing,Solo,2019.0,2019.0,101.0,Gesaffelstein
Melodic Rap,Solo,2019.0,2019.0,81.0,iann dior
Melodic Rap,Solo,2019.0,2019.0,95.0,iann dior
Conscious Hip Hop,Solo,2019.0,2019.0,124.0,J. Cole
Dance Pop,Solo,2019.0,2019.0,122.0,Jax Jones
Dance Pop,Solo,2019.0,2019.0,125.0,Joel Corry
Boy Band,Band/Group,2019.0,2019.0,138.0,Jonas Brothers
Boy Band,Band/Group,2019.0,2019.0,94.0,Jonas Brothers
Chicago Rap,Solo,2019.0,2019.0,80.0,Juice WRLD
Black Americana,Solo,2019.0,2019.0,154.0,Kane Brown
Dance Pop,Solo,2019.0,2019.0,146.0,Kehlani
Pop,Solo,2019.0,2019.0,136.0,Khalid
Art Pop,Solo,2019.0,2019.0,145.0,Lana Del Rey
Pop,Solo,2019.0,2019.0,110.0,Lewis Capaldi
Pop,Solo,2019.0,2019.0,104.0,Lewis Capaldi
Lgbtq+ Hip Hop,Solo,2019.0,2019.0,136.0,Lil Nas X
Lgbtq+ Hip Hop,Solo,2019.0,2019.0,136.0,Lil Nas X
Lgbtq+ Hip Hop,Solo,2019.0,2019.0,154.0,Lil Nas X
Melodic Rap,Solo,2019.0,2019.0,180.0,Lil Tecca
Dance Pop,Solo,2019.0,2019.0,158.0,Lizzo
Dance Pop,Solo,2019.0,2019.0,96.0,Lizzo
Latin,Solo,2019.0,2019.0,92.0,Lunay
Indie Pop,Solo,2019.0,2019.0,102.0,Maggie Rogers
Brostep,Solo,2019.0,2019.0,100.0,Marshmello
Brostep,Solo,2019.0,2019.0,88.0,Marshmello
EDM,Band/Group,2019.0,2019.0,124.0,MEDUZA
Dance Pop,Solo,2019.0,2019.0,99.0,Megan Thee Stallion
Dance Pop,Solo,2019.0,2019.0,148.0,Miley Cyrus
Cali Rap,Solo,2019.0,2019.0,202.0,Mustard
Memphis Hip Hop,Solo,2019.0,2019.0,120.0,NLE Choppa
Dance Pop,Solo,2019.0,2019.0,171.0,Normani
Atl Hip Hop,Solo,2019.0,2019.0,140.0,Offset
Argentine Hip Hop,Solo,2019.0,2019.0,172.0,Paulo Londra
Chicago Rap,Solo,2019.0,2019.0,168.0,Polo G
Dfw Rap,Solo,2019.0,2019.0,120.0,Post Malone
Dfw Rap,Solo,2019.0,2019.0,90.0,Post Malone
Dfw Rap,Solo,2019.0,2019.0,100.0,Post Malone
Dfw Rap,Solo,2019.0,2019.0,150.0,Post Malone
Dance Pop,Solo,2019.0,2019.0,118.0,Regard
Uk Drill,Solo,2019.0,2019.0,141.0,Russ Millions
Dance Pop,Solo,2019.0,2019.0,107.0,Sam Feldt
Cali Rap,Solo,2019.0,2019.0,105.0,Saweetie
Latin,Solo,2019.0,2019.0,176.0,Sech
Canadian Pop,Solo,2019.0,2019.0,117.0,Shawn Mendes
Canadian Pop,Solo,2019.0,2019.0,124.0,Shawn Mendes
Dance Pop,Solo,2019.0,2019.0,120.0,Sigrid
Grime,Solo,2019.0,2019.0,188.0,Stormzy
Pop,Solo,2019.0,2019.0,69.0,Taylor Swift
Pop,Solo,2019.0,2019.0,170.0,Taylor Swift
Pop,Solo,2019.0,2019.0,85.0,Taylor Swift
Hip Hop,Solo,2019.0,2019.0,80.0,"Tyler, The Creator"
Grime,Solo,2019.0,2019.0,103.0,Wiley
Afroswing,Duo,2019.0,2019.0,138.0,Young T & Bugsey
Atl Hip Hop,Solo,2019.0,2019.0,98.0,Young Thug
Contemporary Country,Duo,2019.0,2018.0,200.0,Florida Georgia Line
Dance Pop,Solo,2019.0,2018.0,115.0,Sigrid
Aussietronica,Solo,2019.0,2017.0,148.0,Hayden James
Dance Pop,Solo,2019.0,2017.0,106.0,Liam Payne
Latin,Solo,2019.0,2017.0,178.0,Luis Fonsi
Neo Mellow,Solo,2019.0,2016.0,126.0,James TW
Indie Pop,Solo,2019.0,2016.0,104.0,Maggie Rogers
Dance Pop,Solo,2019.0,2011.0,128.0,Chris Brown
Atl Hip Hop,Solo,2018.0,2019.0,146.0,21 Savage
Melodic Rap,Solo,2018.0,2019.0,93.0,A Boogie Wit da Hoodie
Melodic Rap,Solo,2018.0,2019.0,96.0,A Boogie Wit da Hoodie
Latin,Solo,2018.0,2019.0,97.0,Bad Bunny
Art Pop,Solo,2018.0,2019.0,115.0,Billie Eilish
Cali Rap,Solo,2018.0,2019.0,104.0,Blueface
Dance Pop,Solo,2018.0,2019.0,130.0,Cardi B
Alternative Pop Rock,Solo,2018.0,2019.0,152.0,Dominic Fike
Dance Pop,Solo,2018.0,2019.0,136.0,Halsey
Pop,Solo,2018.0,2019.0,98.0,Khalid
Florida Rap,Solo,2018.0,2019.0,98.0,Kodak Black
Art Pop,Solo,2018.0,2019.0,96.0,Lady Gaga
Dance Pop,Solo,2018.0,2019.0,114.0,Mark Ronson
Hip Hop,Solo,2018.0,2019.0,86.0,Meek Mill
Modern Rock,Band/Group,2018.0,2019.0,82.0,Panic! At The Disco
Dfw Rap,Solo,2018.0,2019.0,145.0,Post Malone
Hip Hop,Solo,2018.0,2019.0,155.0,Travis Scott
Boy Band,Band/Group,2018.0,2018.0,120.0,5 Seconds of Summer
Emo Rap,Solo,2018.0,2018.0,126.0,6ix9ine
Emo Rap,Solo,2018.0,2018.0,157.0,6ix9ine
Dance Pop,Solo,2018.0,2018.0,145.0,Ariana Grande
Dance Pop,Solo,2018.0,2018.0,122.0,Ariana Grande
Afroswing,Solo,2018.0,2018.0,96.0,B Young
Basshall,Duo,2018.0,2018.0,113.0,Banx & Ranx
Dance Pop,Solo,2018.0,2018.0,143.0,Bazzi
Electropop,Solo,2018.0,2018.0,89.0,benny blanco
Art Pop,Solo,2018.0,2018.0,115.0,Billie Eilish
Memphis Hip Hop,Solo,2018.0,2018.0,140.0,BlocBoy JB
Dance Pop,Solo,2018.0,2018.0,124.0,Calvin Harris
Dance Pop,Solo,2018.0,2018.0,130.0,Camila Cabello
Dance Pop,Solo,2018.0,2018.0,136.0,Cardi B
Dance Pop,Solo,2018.0,2018.0,125.0,Cardi B
Dance Pop,Solo,2018.0,2018.0,152.0,Cardi B
Dance Pop,Solo,2018.0,2018.0,100.0,Cashmere Cat
Dance Pop,Solo,2018.0,2018.0,110.0,Charlie Puth
Dance Pop,Solo,2018.0,2018.0,112.0,Charlie Puth
Dance Pop,Solo,2018.0,2018.0,115.0,Charlie Puth
Atl Hip Hop,Solo,2018.0,2018.0,120.0,Childish Gambino
Contemporary Country,Duo,2018.0,2018.0,86.0,Dan + Shay
Dance Pop,Solo,2018.0,2018.0,136.0,DJ Khaled
Canadian Hip Hop,Solo,2018.0,2018.0,77.0,Drake
Canadian Hip Hop,Solo,2018.0,2018.0,155.0,Drake
Canadian Hip Hop,Solo,2018.0,2018.0,93.0,Drake
Canadian Hip Hop,Solo,2018.0,2018.0,91.0,Drake
Canadian Hip Hop,Solo,2018.0,2018.0,150.0,Drake
EDM,Solo,2018.0,2018.0,126.0,Dynoro
Dance Pop,Solo,2018.0,2018.0,80.0,Ella Mai
Afroswing,Solo,2018.0,2018.0,103.0,EO
Alt Z,Solo,2018.0,2018.0,128.0,FINNEAS
Folk-Pop,Solo,2018.0,2018.0,116.0,George Ezra
Folk-Pop,Solo,2018.0,2018.0,138.0,George Ezra
Bedroom Pop,Solo,2018.0,2018.0,130.0,girl in red
Modern Rock,Band/Group,2018.0,2018.0,100.0,Imagine Dragons
Afrofuturism,Solo,2018.0,2018.0,115.0,Janelle Monáe
Contemporary Country,Solo,2018.0,2018.0,132.0,Jason Aldean
Conscious Hip Hop,Solo,2018.0,2018.0,137.0,Jay Rock
Dance Pop,Solo,2018.0,2018.0,106.0,Jonas Blue
Chicago Rap,Solo,2018.0,2018.0,84.0,Juice WRLD
Conscious Hip Hop,Solo,2018.0,2018.0,97.0,Kendrick Lamar
Pop,Solo,2018.0,2018.0,144.0,Khalid
Alt Z,Solo,2018.0,2018.0,72.0,King Princess
Dance Pop,Solo,2018.0,2018.0,92.0,Lauv
Atl Hip Hop,Solo,2018.0,2018.0,120.0,Lil Baby
Comedy Rap,Solo,2018.0,2018.0,133.0,Lil Dicky
Conscious Hip Hop,Solo,2018.0,2018.0,150.0,Logic
Afroswing,Band/Group,2018.0,2018.0,110.0,M.O
Latin,Solo,2018.0,2018.0,198.0,Maluma
Pop,Band/Group,2018.0,2018.0,126.0,Maroon 5
Brostep,Solo,2018.0,2018.0,100.0,Marshmello
Brostep,Solo,2018.0,2018.0,95.0,Marshmello
Brostep,Solo,2018.0,2018.0,150.0,Marshmello
Atl Hip Hop,Trio,2018.0,2018.0,146.0,Migos
Atl Hip Hop,Trio,2018.0,2018.0,138.0,Migos
Atl Hip Hop,Trio,2018.0,2018.0,182.0,Migos
Latin,Solo,2018.0,2018.0,97.0,Nio Garcia
Latin,Solo,2018.0,2018.0,94.0,Ozuna
Colombian Pop,Band/Group,2018.0,2018.0,170.0,Piso 21
Dfw Rap,Solo,2018.0,2018.0,160.0,Post Malone
Dfw Rap,Solo,2018.0,2018.0,145.0,Post Malone
Dfw Rap,Solo,2018.0,2018.0,140.0,Post Malone
Hip Hop,Duo,2018.0,2018.0,174.0,Rae Sremmurd
Atl Hip Hop,Solo,2018.0,2018.0,95.0,Rich The Kid
Rap,Solo,2018.0,2018.0,146.0,Sheck Wes
Modern Alternative Rock,Band/Group,2018.0,2018.0,121.0,The 1975
Dance Pop,Duo,2018.0,2018.0,105.0,The Chainsmokers
Dance Pop,Duo,2018.0,2018.0,90.0,The Chainsmokers
Canadian Contemporary R&B,Solo,2018.0,2018.0,134.0,The Weeknd
Canadian Contemporary R&B,Solo,2018.0,2018.0,101.0,The Weeknd
Big Room,Solo,2018.0,2018.0,128.0,Tiësto
Hip Hop,Solo,2018.0,2018.0,155.0,Travis Scott
Dance Pop,Solo,2018.0,2018.0,98.0,Tyga
Folk-Pop,Solo,2018.0,2018.0,100.0,Vance Joy
Emo Rap,Solo,2018.0,2018.0,75.0,XXXTENTACION
Emo Rap,Solo,2018.0,2018.0,128.0,XXXTENTACION
Emo Rap,Solo,2018.0,2018.0,65.0,XXXTENTACION
Dance Pop,Band/Group,2018.0,2018.0,104.0,Years & Years
Cali Rap,Solo,2018.0,2018.0,204.0,YG
Complextro,Solo,2018.0,2018.0,107.0,Zedd
Dance Pop,Solo,2018.0,2017.0,105.0,Camila Cabello
Dance Pop,Solo,2018.0,2017.0,125.0,Cardi B
Indie Poptimism,Band/Group,2018.0,2017.0,123.0,lovelytheband
Pop,Band/Group,2018.0,2017.0,100.0,Maroon 5
Pop,Band/Group,2018.0,2017.0,100.0,Maroon 5
Alternative Dance,Band/Group,2018.0,2017.0,98.0,MGMT
Dance Pop,Solo,2018.0,2017.0,102.0,Sean Paul
Hip Hop,Solo,2018.0,2017.0,141.0,Travis Scott
Neo Mellow,Solo,2018.0,2016.0,113.0,Calum Scott
Dance Pop,Solo,2018.0,2016.0,118.0,Jonas Blue
Dance Pop,Solo,2018.0,2016.0,114.0,Jonas Blue
Dance Pop,Solo,2018.0,2016.0,125.0,Sigala
Dance Pop,Solo,2018.0,2016.0,115.0,Steve Aoki
Dance Pop,Solo,2018.0,2015.0,124.0,Sigala
Dance Pop,Solo,2017.0,2018.0,105.0,Bruno Mars
Israeli Pop,Solo,2017.0,2018.0,100.0,Dennis Lloyd
Dance Pop,Solo,2017.0,2018.0,97.0,Dua Lipa
Dance Pop,Solo,2017.0,2018.0,82.0,Ella Mai
Detroit Hip Hop,Solo,2017.0,2018.0,90.0,Eminem
Indie Pop Rap,Solo,2017.0,2018.0,88.0,G-Eazy
Dance Pop,Solo,2017.0,2018.0,103.0,Hailee Steinfeld
Dance Pop,Solo,2017.0,2018.0,118.0,Halsey
Hollywood,Band/Group,2017.0,2018.0,158.0,Hugh Jackman
Conscious Hip Hop,Solo,2017.0,2018.0,126.0,Kendrick Lamar
Dance Pop,Duo,2017.0,2018.0,122.0,Loud Luxury
Ohio Hip Hop,Solo,2017.0,2018.0,82.0,Machine Gun Kelly
Brostep,Solo,2017.0,2018.0,142.0,Marshmello
Dance Pop,Solo,2017.0,2018.0,122.0,MK
Hip Hop,Solo,2017.0,2018.0,148.0,NF
Atl Hip Hop,Solo,2017.0,2018.0,100.0,Offset
Pop,Solo,2017.0,2018.0,95.0,Taylor Swift
Atl Hip Hop,Solo,2017.0,2017.0,73.0,2 Chainz
Atl Hip Hop,Solo,2017.0,2017.0,75.0,21 Savage
Melodic Rap,Solo,2017.0,2017.0,129.0,A Boogie Wit da Hoodie
Gangster Rap,Solo,2017.0,2017.0,170.0,A$AP Ferg
Modern Rock,Trio,2017.0,2017.0,124.0,AJR
Hip Hop,Solo,2017.0,2017.0,120.0,Aminé
Dance Pop,Duo,2017.0,2017.0,123.0,Axwell /\ Ingrosso
Social Media Pop,Duo,2017.0,2017.0,145.0,Ayo & Teo
Detroit Hip Hop,Solo,2017.0,2017.0,82.0,Big Sean
London Rap,Solo,2017.0,2017.0,135.0,Big Shaq
Art Pop,Solo,2017.0,2017.0,120.0,Billie Eilish
Electropop,Solo,2017.0,2017.0,111.0,blackbear
Dance Pop,Solo,2017.0,2017.0,101.0,Calvin Harris
Dance Pop,Solo,2017.0,2017.0,104.0,Calvin Harris
Dance Pop,Trio,2017.0,2017.0,113.0,Cheat Codes
Dance Pop,Solo,2017.0,2017.0,144.0,Demi Lovato
Dance Pop,Solo,2017.0,2017.0,81.0,DJ Khaled
Dance Pop,Solo,2017.0,2017.0,98.0,DJ Khaled
Canadian Hip Hop,Solo,2017.0,2017.0,112.0,Drake
Canadian Hip Hop,Solo,2017.0,2017.0,134.0,Drake
Pop,Solo,2017.0,2017.0,95.0,Ed Sheeran
Pop,Solo,2017.0,2017.0,96.0,Ed Sheeran
Indietronica,Band/Group,2017.0,2017.0,97.0,Foster The People
Gangster Rap,Solo,2017.0,2017.0,98.0,French Montana
Atl Hip Hop,Solo,2017.0,2017.0,150.0,Future
Indie Pop Rap,Solo,2017.0,2017.0,88.0,G-Eazy
Indie Pop Rap,Solo,2017.0,2017.0,176.0,G-Eazy
Dance Pop,Solo,2017.0,2017.0,103.0,Hailee Steinfeld
Dance Pop,Solo,2017.0,2017.0,110.0,Halsey
Modern Rock,Band/Group,2017.0,2017.0,125.0,Imagine Dragons
Modern Rock,Band/Group,2017.0,2017.0,168.0,Imagine Dragons
Modern Rock,Band/Group,2017.0,2017.0,135.0,Imagine Dragons
Conscious Hip Hop,Solo,2017.0,2017.0,150.0,Kendrick Lamar
Conscious Hip Hop,Solo,2017.0,2017.0,126.0,Kendrick Lamar
Conscious Hip Hop,Solo,2017.0,2017.0,140.0,Kendrick Lamar
Conscious Hip Hop,Solo,2017.0,2017.0,190.0,Kendrick Lamar
Pop,Solo,2017.0,2017.0,137.0,Khalid
Pop,Solo,2017.0,2017.0,80.0,Khalid
Florida Rap,Solo,2017.0,2017.0,172.0,Kodak Black
Art Pop,Solo,2017.0,2017.0,100.0,Lana Del Rey
Emo Rap,Solo,2017.0,2017.0,106.0,Lil Peep
Emo Rap,Solo,2017.0,2017.0,120.0,Lil Pump
Melodic Rap,Solo,2017.0,2017.0,155.0,Lil Uzi Vert
Conscious Hip Hop,Solo,2017.0,2017.0,100.0,Logic
Art Pop,Solo,2017.0,2017.0,76.0,Lorde
Art Pop,Solo,2017.0,2017.0,129.0,Lorde
Art Pop,Solo,2017.0,2017.0,107.0,Lorde
Ohio Hip Hop,Solo,2017.0,2017.0,138.0,Machine Gun Kelly
Pop Rap,Solo,2017.0,2017.0,140.0,Macklemore
Atl Hip Hop,Trio,2017.0,2017.0,127.0,Migos
Atl Hip Hop,Trio,2017.0,2017.0,142.0,Migos
Atl Hip Hop,Trio,2017.0,2017.0,139.0,Migos
Dance Pop,Solo,2017.0,2017.0,146.0,Miguel
Dance Pop,Solo,2017.0,2017.0,140.0,Miley Cyrus
Art Pop,Solo,2017.0,2017.0,120.0,MØ
Dance Pop,Solo,2017.0,2017.0,86.0,Niall Horan
Atl Hip Hop,Solo,2017.0,2017.0,163.0,Playboi Carti
Alternative Dance,Trio,2017.0,2017.0,120.0,PNAU
Indie Rock,Band/Group,2017.0,2017.0,79.0,Portugal. The Man
Hawaiian Hip Hop,Solo,2017.0,2017.0,97.0,Russ
Dance Pop,Solo,2017.0,2017.0,92.0,Sam Smith
Dance Pop,Solo,2017.0,2017.0,123.0,Selena Gomez
EDM,Duo,2017.0,2017.0,122.0,Snakehips
Pop,Solo,2017.0,2017.0,135.0,SZA
Pop,Solo,2017.0,2017.0,128.0,Taylor Swift
Pop,Solo,2017.0,2017.0,160.0,Taylor Swift
Dance Pop,Duo,2017.0,2017.0,103.0,The Chainsmokers
Dance Pop,Duo,2017.0,2017.0,100.0,The Chainsmokers
Boy Band,Duo,2017.0,2017.0,145.0,The Vamps
Boy Band,Duo,2017.0,2017.0,130.0,The Vamps
Emo Rap,Solo,2017.0,2017.0,134.0,XXXTENTACION
Dirty South Rap,Solo,2017.0,2017.0,150.0,Yo Gotti
Dance Pop,Solo,2017.0,2017.0,121.0,Zara Larsson
Complextro,Solo,2017.0,2017.0,102.0,Zedd
Dance Pop,Solo,2017.0,2016.0,110.0,Dua Lipa
Pop,Solo,2017.0,2016.0,84.0,Marc E. Bassy
Dance Pop,Solo,2017.0,2016.0,92.0,Meghan Trainor
Canadian Pop,Solo,2017.0,2016.0,83.0,Shawn Mendes
Dance Pop,Solo,2017.0,2016.0,146.0,Zara Larsson
Dance Pop,Solo,2017.0,2015.0,128.0,Deorro
Alternative Dance,Duo,2017.0,2015.0,92.0,Lemaitre
Dance Pop,Band/Group,2017.0,2010.0,177.0,Scouting For Girls
Dance Pop,Solo,2016.0,2017.0,134.0,Bruno Mars
Dance Pop,Solo,2016.0,2017.0,107.0,Bruno Mars
Atl Hip Hop,Solo,2016.0,2017.0,160.0,Childish Gambino
Dance Pop,Band/Group,2016.0,2017.0,102.0,Clean Bandit
Pop,Solo,2016.0,2017.0,75.0,KYLE
Dance Pop,Band/Group,2016.0,2017.0,102.0,Little Mix
Dfw Rap,Solo,2016.0,2017.0,123.0,Post Malone
Dfw Rap,Solo,2016.0,2017.0,144.0,Post Malone
Hip Hop,Duo,2016.0,2017.0,140.0,Rae Sremmurd
Hip Hop,Duo,2016.0,2017.0,146.0,Rae Sremmurd
San Diego Rap,Solo,2016.0,2017.0,108.0,Rob $tone
Alternative R&B,Solo,2016.0,2017.0,146.0,Shelley FKA DRAM
Canadian Contemporary R&B,Solo,2016.0,2017.0,93.0,The Weeknd
Hip Hop,Solo,2016.0,2017.0,130.0,Travis Scott
Hip Hop,Solo,2016.0,2017.0,161.0,Zay Hilfigerrr
Dance Pop,Solo,2016.0,2016.0,147.0,Anne-Marie
Dance Pop,Solo,2016.0,2016.0,108.0,Ariana Grande
Dance Pop,Solo,2016.0,2016.0,159.0,Ariana Grande
Dance Pop,Solo,2016.0,2016.0,134.0,Ariana Grande
Metropopolis,Band/Group,2016.0,2016.0,120.0,Bastille
Dance Pop,Solo,2016.0,2016.0,130.0,Beyoncé
Dance Pop,Solo,2016.0,2016.0,124.0,Calvin Harris
Dance Pop,Solo,2016.0,2016.0,120.0,Calvin Harris
Dance Pop,Solo,2016.0,2016.0,100.0,Charlie Puth
Dance Pop,Solo,2016.0,2016.0,91.0,Charlie Puth
Dance Pop,Solo,2016.0,2016.0,112.0,Charlie Puth
Dance Pop,Trio,2016.0,2016.0,102.0,Cheat Codes
Dance Pop,Band/Group,2016.0,2016.0,130.0,Clean Bandit
Big Room,Solo,2016.0,2016.0,110.0,David Guetta
Alt Z,Solo,2016.0,2016.0,182.0,Daya
Alt Z,Solo,2016.0,2016.0,95.0,Daya
Dance Pop,Solo,2016.0,2016.0,100.0,DJ Snake
Dance Pop,Solo,2016.0,2016.0,105.0,DJ Snake
Dance Pop,Band/Group,2016.0,2016.0,119.0,DNCE
Canadian Hip Hop,Solo,2016.0,2016.0,118.0,Drake
Dance Pop,Solo,2016.0,2016.0,91.0,Enrique Iglesias
Dance Pop,Band/Group,2016.0,2016.0,105.0,Fifth Harmony
Dance Pop,Band/Group,2016.0,2016.0,95.0,Fifth Harmony
Australian Dance,Solo,2016.0,2016.0,75.0,Flume
Alternative R&B,Solo,2016.0,2016.0,160.0,Frank Ocean
Atl Hip Hop,Solo,2016.0,2016.0,144.0,Future
Dance Pop,Duo,2016.0,2016.0,126.0,Galantis
Electropop,Solo,2016.0,2016.0,93.0,Garrett Nash
Dance Pop,Solo,2016.0,2016.0,100.0,Hailee Steinfeld
Pop,Solo,2016.0,2016.0,108.0,James Arthur
Neo Soul,Solo,2016.0,2016.0,123.0,John Legend
Dance Pop,Solo,2016.0,2016.0,113.0,Justin Timberlake
EDM,Solo,2016.0,2016.0,100.0,Kygo
Hip Hop,Solo,2016.0,2016.0,169.0,Lil Wayne
Dance Pop,Band/Group,2016.0,2016.0,126.0,Little Mix
Danish Pop,Band/Group,2016.0,2016.0,120.0,Lukas Graham
Dance Pop,Trio,2016.0,2016.0,93.0,Major Lazer
Brostep,Solo,2016.0,2016.0,142.0,Marshmello
Dance Pop,Solo,2016.0,2016.0,134.0,Martin Garrix
Dance Pop,Solo,2016.0,2016.0,90.0,Mike Perry
Dance Pop,Solo,2016.0,2016.0,102.0,Mike Posner
Art Pop,Solo,2016.0,2016.0,105.0,MØ
Dance Pop,Solo,2016.0,2016.0,112.0,Niall Horan
Dance Pop,Solo,2016.0,2016.0,124.0,Nick Jonas
Alt Z,Solo,2016.0,2016.0,101.0,Olivia Holt
Dance Pop,Band/Group,2016.0,2016.0,100.0,OneRepublic
Dance Pop,Solo,2016.0,2016.0,163.0,P!nk
Pop,Solo,2016.0,2016.0,128.0,PARTYNEXTDOOR
Barbadian Pop,Solo,2016.0,2016.0,111.0,Rihanna
Barbadian Pop,Solo,2016.0,2016.0,92.0,Rihanna
Dance Pop,Solo,2016.0,2016.0,186.0,SAYGRACE
Australian Dance,Solo,2016.0,2016.0,192.0,Sia
Australian Dance,Solo,2016.0,2016.0,90.0,Sia
Modern Alternative Rock,Band/Group,2016.0,2016.0,101.0,The 1975
Modern Alternative Rock,Band/Group,2016.0,2016.0,121.0,The 1975
Dance Pop,Duo,2016.0,2016.0,95.0,The Chainsmokers
Dance Pop,Duo,2016.0,2016.0,160.0,The Chainsmokers
Folk-Pop,Band/Group,2016.0,2016.0,76.0,The Lumineers
Canadian Contemporary R&B,Solo,2016.0,2016.0,186.0,The Weeknd
Dance Pop,Duo,2016.0,2016.0,105.0,Timeflies
Dance Pop,Solo,2016.0,2016.0,120.0,Tinie Tempah
Art Pop,Solo,2016.0,2016.0,102.0,Tove Lo
Dance Pop,Solo,2016.0,2016.0,125.0,ZAYN
Canadian Hip Hop,Solo,2016.0,2015.0,135.0,Drake
Dance Pop,Solo,2016.0,2015.0,123.0,Hailee Steinfeld
Icelandic Indie,Band/Group,2016.0,2015.0,163.0,KALEO
EDM,Solo,2016.0,2015.0,100.0,Kygo
Electropop,Solo,2016.0,2015.0,138.0,Låpsley
San Diego Rap,Solo,2016.0,2015.0,108.0,Rob $tone
Canadian Indie,Band/Group,2016.0,2015.0,81.0,The Strumbellas
Dance Pop,Solo,2016.0,2013.0,128.0,Martin Garrix
British Soul,Solo,2015.0,2016.0,144.0,Adele
British Soul,Solo,2015.0,2016.0,164.0,Adele
British Soul,Solo,2015.0,2016.0,79.0,Adele
Canadian Contemporary R&B,Solo,2015.0,2016.0,120.0,Alessia Cara
Kentucky Hip Hop,Solo,2015.0,2016.0,97.0,Bryson Tiller
Kentucky Hip Hop,Solo,2015.0,2016.0,160.0,Bryson Tiller
Dance Pop,Solo,2015.0,2016.0,93.0,Chris Brown
Permanent Wave,Band/Group,2015.0,2016.0,90.0,Coldplay
Permanent Wave,Band/Group,2015.0,2016.0,112.0,Coldplay
Dance Pop,Solo,2015.0,2016.0,94.0,Flo Rida
Indie Pop Rap,Solo,2015.0,2016.0,112.0,G-Eazy
Canadian Pop,Solo,2015.0,2016.0,100.0,Justin Bieber
Canadian Pop,Solo,2015.0,2016.0,100.0,Justin Bieber
EDM,Solo,2015.0,2016.0,103.0,Kygo
Boy Band,Band/Group,2015.0,2016.0,87.0,One Direction
Alt Z,Solo,2015.0,2016.0,124.0,Ruth B.
Dance Pop,Solo,2015.0,2016.0,98.0,Selena Gomez
Dance Pop,Solo,2015.0,2016.0,111.0,Selena Gomez
Canadian Pop,Solo,2015.0,2016.0,114.0,Shawn Mendes
EDM,Duo,2015.0,2016.0,95.0,Snakehips
Dance Pop,Duo,2015.0,2016.0,100.0,The Chainsmokers
Modern Alternative Rock,Band/Group,2015.0,2016.0,90.0,X Ambassadors
Modern Alternative Rock,Band/Group,2015.0,2016.0,117.0,X Ambassadors
Dance Pop,Solo,2015.0,2015.0,120.0,Adam Lambert
Canadian Contemporary R&B,Solo,2015.0,2015.0,120.0,Alessia Cara
Dance Pop,Solo,2015.0,2015.0,128.0,Avicii
Detroit Hip Hop,Solo,2015.0,2015.0,98.0,Big Sean
Modern Rock,Solo,2015.0,2015.0,120.0,BØRNS
Kentucky Hip Hop,Solo,2015.0,2015.0,97.0,Bryson Tiller
Dance Pop,Solo,2015.0,2015.0,122.0,Calvin Harris
Dance Pop,Solo,2015.0,2015.0,98.0,Chris Brown
Dance Pop,Solo,2015.0,2015.0,114.0,Demi Lovato
Dance Pop,Solo,2015.0,2015.0,130.0,Demi Lovato
EDM,Duo,2015.0,2015.0,106.0,Disclosure
Canadian Hip Hop,Solo,2015.0,2015.0,142.0,Drake
Dance Pop,Solo,2015.0,2015.0,190.0,Ellie Goulding
Dance Pop,Solo,2015.0,2015.0,155.0,Ellie Goulding
Emo,Band/Group,2015.0,2015.0,176.0,Fall Out Boy
New Jersey Rap,Solo,2015.0,2015.0,190.0,Fetty Wap
New Jersey Rap,Solo,2015.0,2015.0,148.0,Fetty Wap
New Jersey Rap,Solo,2015.0,2015.0,128.0,Fetty Wap
Dance Pop,Solo,2015.0,2015.0,94.0,Flo Rida
Dance Pop,Solo,2015.0,2015.0,146.0,Flo Rida
Indie Rock,Band/Group,2015.0,2015.0,104.0,Foals
Dance Pop,Duo,2015.0,2015.0,126.0,Galantis
EDM,Duo,2015.0,2015.0,139.0,Jack Ü
Chicago Rap,Solo,2015.0,2015.0,79.0,Jeremih
Ghanaian Hip Hop,Solo,2015.0,2015.0,94.0,Jidenna
Canadian Pop,Solo,2015.0,2015.0,125.0,Justin Bieber
Conscious Hip Hop,Solo,2015.0,2015.0,107.0,Kendrick Lamar
EDM,Solo,2015.0,2015.0,154.0,Kygo
Art Pop,Solo,2015.0,2015.0,132.0,Lana Del Rey
Indie Pop Rap,Solo,2015.0,2015.0,82.0,Luke Christopher
Dance Pop,Trio,2015.0,2015.0,98.0,Major Lazer
Dance Pop,Trio,2015.0,2015.0,108.0,Major Lazer
Dance Pop,Solo,2015.0,2015.0,115.0,Mark Ronson
Dance Pop,Solo,2015.0,2015.0,125.0,Martin Solveig
Hip Hop,Solo,2015.0,2015.0,78.0,Meek Mill
Modern Folk Rock,Band/Group,2015.0,2015.0,114.0,Mumford & Sons
Pop Rap,Duo,2015.0,2015.0,104.0,Nico & Vinz
Electropop,Duo,2015.0,2015.0,142.0,Oh Wonder
Boy Band,Band/Group,2015.0,2015.0,138.0,One Direction
Boy Band,Band/Group,2015.0,2015.0,100.0,One Direction
New French Touch,Solo,2015.0,2015.0,91.0,Petit Biscuit
Hip Hop,Duo,2015.0,2015.0,125.0,Rae Sremmurd
Atl Hip Hop,Solo,2015.0,2015.0,82.0,Rich Homie Quan
Barbadian Pop,Solo,2015.0,2015.0,206.0,Rihanna
Barbadian Pop,Solo,2015.0,2015.0,103.0,Rihanna
Dance Pop,Solo,2015.0,2015.0,123.0,Robin Schulz
Dance Pop,Band/Group,2015.0,2015.0,123.0,Rudimental
Dance Pop,Solo,2015.0,2015.0,186.0,SAYGRACE
Dance Pop,Solo,2015.0,2015.0,98.0,Selena Gomez
Dance Pop,Solo,2015.0,2015.0,111.0,Selena Gomez
Dance Pop,Solo,2015.0,2015.0,89.0,Selena Gomez
Australian Indie,Band/Group,2015.0,2015.0,142.0,Sheppard
EDM,Duo,2015.0,2015.0,95.0,Snakehips
Australian Psych,Band/Group,2015.0,2015.0,117.0,Tame Impala
Pop,Solo,2015.0,2015.0,170.0,Taylor Swift
Canadian Contemporary R&B,Solo,2015.0,2015.0,113.0,The Weeknd
Canadian Contemporary R&B,Solo,2015.0,2015.0,108.0,The Weeknd
Canadian Contemporary R&B,Solo,2015.0,2015.0,168.0,The Weeknd
Contemporary Country,Solo,2015.0,2015.0,166.0,Thomas Rhett
Hip Hop,Solo,2015.0,2015.0,131.0,Travis Scott
Dance Pop,Solo,2015.0,2015.0,95.0,Trey Songz
Dance Pop,Solo,2015.0,2015.0,97.0,Trey Songz
Australian Pop,Solo,2015.0,2015.0,92.0,Troye Sivan
Modern Rock,Duo,2015.0,2015.0,170.0,Twenty One Pilots
Dance Pop,Solo,2015.0,2015.0,80.0,Wiz Khalifa
Modern Alternative Rock,Band/Group,2015.0,2015.0,90.0,X Ambassadors
Modern Alternative Rock,Band/Group,2015.0,2015.0,117.0,X Ambassadors
Dance Pop,Band/Group,2015.0,2015.0,120.0,Years & Years
Complextro,Solo,2015.0,2015.0,130.0,Zedd
Chicago Rap,Solo,2015.0,2014.0,98.0,Jeremih
Dance Pop,Solo,2015.0,2014.0,134.0,Meghan Trainor
Dance Pop,Solo,2015.0,2014.0,93.0,Nick Jonas
Australian Indie,Band/Group,2015.0,2014.0,142.0,Sheppard
Australian Dance,Solo,2015.0,2014.0,117.0,Sia
Australian Dance,Solo,2015.0,2014.0,130.0,Sia
Dance Pop,Solo,2015.0,2014.0,97.0,Trey Songz
Dance Pop,Solo,2014.0,2015.0,122.0,Andy Grammer
Dance Pop,Solo,2014.0,2015.0,99.0,Ariana Grande
Dance Pop,Solo,2014.0,2015.0,126.0,Avicii
Dance Pop,Solo,2014.0,2015.0,136.0,Beyoncé
Dance Pop,Solo,2014.0,2015.0,128.0,Calvin Harris
Dance Pop,Solo,2014.0,2015.0,196.0,DJ Snake
Pop,Solo,2014.0,2015.0,79.0,Ed Sheeran
Folk-Pop,Solo,2014.0,2015.0,94.0,George Ezra
Irish Singer-Songwriter,Solo,2014.0,2015.0,129.0,Hozier
Chicago Rap,Solo,2014.0,2015.0,105.0,Natalie La Rose
Dance Pop,Solo,2014.0,2015.0,97.0,Omarion
Deep Groove House,Solo,2014.0,2015.0,123.0,Philip George
Dance Pop,Solo,2014.0,2015.0,124.0,Pitbull
Dance Pop,Solo,2014.0,2015.0,100.0,Sam Smith
Pop,Solo,2014.0,2015.0,96.0,Taylor Swift
Pop,Solo,2014.0,2015.0,140.0,Taylor Swift
Pop,Solo,2014.0,2015.0,95.0,Taylor Swift
Canadian Contemporary R&B,Solo,2014.0,2015.0,120.0,The Weeknd
Art Pop,Solo,2014.0,2015.0,120.0,Tove Lo
Atl Hip Hop,Solo,2014.0,2015.0,113.0,Usher
Dance Pop,Band/Group,2014.0,2015.0,128.0,WALK THE MOON
Boy Band,Band/Group,2014.0,2014.0,160.0,5 Seconds of Summer
Boy Band,Band/Group,2014.0,2014.0,102.0,5 Seconds of Summer
Dance Pop,Solo,2014.0,2014.0,126.0,Alesso
Pop Soul,Solo,2014.0,2014.0,82.0,Aloe Blacc
Indie Poptimism,Band/Group,2014.0,2014.0,100.0,American Authors
Dance Pop,Solo,2014.0,2014.0,99.0,Ariana Grande
Dance Pop,Solo,2014.0,2014.0,103.0,Ariana Grande
Dance Pop,Solo,2014.0,2014.0,130.0,Ariana Grande
Dance Pop,Solo,2014.0,2014.0,120.0,Becky G
Dance Pop,Solo,2014.0,2014.0,140.0,Beyoncé
Nyc Rap,Solo,2014.0,2014.0,168.0,Bobby Shmurda
Dance Pop,Solo,2014.0,2014.0,128.0,Calvin Harris
Dance Pop,Solo,2014.0,2014.0,128.0,Calvin Harris
Dance Pop,Solo,2014.0,2014.0,126.0,Calvin Harris
Art Pop,Solo,2014.0,2014.0,92.0,Charli XCX
Dance Pop,Solo,2014.0,2014.0,99.0,Chris Brown
Dance Pop,Solo,2014.0,2014.0,142.0,Chris Brown
Dance Pop,Band/Group,2014.0,2014.0,121.0,Clean Bandit
Alternative Rock,Band/Group,2014.0,2014.0,78.0,Cold War Kids
Permanent Wave,Band/Group,2014.0,2014.0,93.0,Coldplay
Permanent Wave,Band/Group,2014.0,2014.0,125.0,Coldplay
Big Room,Solo,2014.0,2014.0,128.0,David Guetta
Big Room,Solo,2014.0,2014.0,125.0,David Guetta
Dance Pop,Solo,2014.0,2014.0,196.0,DJ Snake
Destroy Techno,Solo,2014.0,2014.0,121.0,Duke Dumont
Pop,Solo,2014.0,2014.0,95.0,Ed Sheeran
Pop,Solo,2014.0,2014.0,120.0,Ed Sheeran
Dance Pop,Band/Group,2014.0,2014.0,125.0,G.R.L.
Folk-Pop,Solo,2014.0,2014.0,128.0,George Ezra
Folk-Pop,Solo,2014.0,2014.0,104.0,George Ezra
Deep Groove House,Duo,2014.0,2014.0,122.0,Gorgon City
Australian Hip Hop,Solo,2014.0,2014.0,95.0,Iggy Azalea
Australian Hip Hop,Solo,2014.0,2014.0,164.0,Iggy Azalea
Dance Pop,Solo,2014.0,2014.0,150.0,Jessie J
Dance Pop,Solo,2014.0,2014.0,98.0,Kid Ink
Electropop,Solo,2014.0,2014.0,123.0,Kiesza
Indie Poptimism,Solo,2014.0,2014.0,117.0,Labrinth
French Indie Pop,Duo,2014.0,2014.0,123.0,Lilly Wood and The Prick
Reggae Fusion,Band/Group,2014.0,2014.0,144.0,MAGIC!
Pop,Band/Group,2014.0,2014.0,120.0,Maroon 5
Pop,Band/Group,2014.0,2014.0,190.0,Maroon 5
Pop,Band/Group,2014.0,2014.0,120.0,Maroon 5
German Pop,Band/Group,2014.0,2014.0,114.0,Milky Chance
Dutch Hip Hop,Solo,2014.0,2014.0,120.0,Mr. Probz
Chicago Rap,Solo,2014.0,2014.0,105.0,Natalie La Rose
Dance Pop,Solo,2014.0,2014.0,130.0,Nicki Minaj
Pop Rap,Duo,2014.0,2014.0,120.0,Nico & Vinz
Pop Rap,Solo,2014.0,2014.0,120.0,O.T. Genasis
Dance Pop,Solo,2014.0,2014.0,125.0,Oliver Heldens
Dance Pop,Solo,2014.0,2014.0,122.0,Olly Murs
Dance Pop,Solo,2014.0,2014.0,97.0,Omarion
Boy Band,Band/Group,2014.0,2014.0,120.0,One Direction
Boy Band,Band/Group,2014.0,2014.0,77.0,One Direction
Dance Pop,Band/Group,2014.0,2014.0,122.0,OneRepublic
Dance Pop,Band/Group,2014.0,2014.0,120.0,OneRepublic
British Soul,Solo,2014.0,2014.0,91.0,Paloma Faith
Aussietronica,Band/Group,2014.0,2014.0,100.0,Peking Duk
Pop Rap,Solo,2014.0,2014.0,160.0,Pharrell Williams
Pop,Duo,2014.0,2014.0,174.0,Rixton
Deep Groove House,Solo,2014.0,2014.0,120.0,Route 94
Dance Pop,Solo,2014.0,2014.0,84.0,Sam Smith
Dance Pop,Solo,2014.0,2014.0,134.0,Sam Smith
Gangster Rap,Solo,2014.0,2014.0,154.0,ScHoolboy Q
Gangster Rap,Solo,2014.0,2014.0,112.0,ScHoolboy Q
Dance Pop,Solo,2014.0,2014.0,88.0,Sigma
Pop,Solo,2014.0,2014.0,95.0,Taylor Swift
Pop,Solo,2014.0,2014.0,170.0,Taylor Swift
Pop,Solo,2014.0,2014.0,160.0,Taylor Swift
Dance Pop,Duo,2014.0,2014.0,128.0,The Chainsmokers
Celtic Rock,Band/Group,2014.0,2014.0,167.0,The Script
Big Room,Solo,2014.0,2014.0,112.0,Tiësto
Big Room,Solo,2014.0,2014.0,125.0,Tiësto
Alternative R&B,Solo,2014.0,2014.0,101.0,Tinashe
Art Pop,Solo,2014.0,2014.0,110.0,Tove Lo
Art Pop,Solo,2014.0,2014.0,120.0,Tove Lo
Folk-Pop,Solo,2014.0,2014.0,102.0,Vance Joy
EDM,Solo,2014.0,2014.0,125.0,ZHU
Dance Pop,Solo,2014.0,2013.0,104.0,Chris Brown
Dance Pop,Solo,2014.0,2013.0,81.0,Lily Allen
Dance Pop,Solo,2014.0,2012.0,126.0,Azealia Banks
Dance Pop,Solo,2013.0,2014.0,125.0,Avicii
EDM,Duo,2013.0,2014.0,122.0,Disclosure
Dance Pop,Solo,2013.0,2014.0,100.0,DJ Snake
Dance Pop,Band/Group,2013.0,2014.0,130.0,Echosmith
Dance Pop,Solo,2013.0,2014.0,100.0,Jason Derulo
Dance Pop,Solo,2013.0,2014.0,82.0,Jason Derulo
Dance Pop,Solo,2013.0,2014.0,82.0,Jason Derulo
Neo Soul,Solo,2013.0,2014.0,120.0,John Legend
Dance Pop,Solo,2013.0,2014.0,86.0,Justin Timberlake
Dance Pop,Solo,2013.0,2014.0,132.0,Katy Perry
Deep House,Duo,2013.0,2014.0,125.0,Klingande
Art Pop,Solo,2013.0,2014.0,100.0,Lorde
Candy Pop,Band/Group,2013.0,2014.0,104.0,Paramore
Atl Hip Hop,Solo,2013.0,2013.0,172.0,2 Chainz
East Coast Hip Hop,Solo,2013.0,2013.0,96.0,A$AP Rocky
Garage Rock,Band/Group,2013.0,2013.0,92.0,Arctic Monkeys
Garage Rock,Band/Group,2013.0,2013.0,85.0,Arctic Monkeys
Dance Pop,Solo,2013.0,2013.0,82.0,Ariana Grande
Dance Pop,Solo,2013.0,2013.0,124.0,Avicii
Canadian Pop,Solo,2013.0,2013.0,165.0,Avril Lavigne
Bass Trap,Solo,2013.0,2013.0,138.0,Baauer
Metropopolis,Band/Group,2013.0,2013.0,127.0,Bastille
Metropopolis,Band/Group,2013.0,2013.0,125.0,Bastille
Big Room,Duo,2013.0,2013.0,128.0,Bingo Players
Contemporary Country,Solo,2013.0,2013.0,137.0,Blake Shelton
Dance Pop,Solo,2013.0,2013.0,128.0,Britney Spears
Metropopolis,Duo,2013.0,2013.0,118.0,Capital Cities
Atl Hip Hop,Solo,2013.0,2013.0,166.0,Childish Gambino
Electropop,Band/Group,2013.0,2013.0,174.0,CHVRCHES
Dance Pop,Solo,2013.0,2013.0,134.0,Ciara
Electro,Duo,2013.0,2013.0,116.0,Daft Punk
Electro,Duo,2013.0,2013.0,100.0,Daft Punk
Dance Pop,Solo,2013.0,2013.0,174.0,Demi Lovato
EDM,Duo,2013.0,2013.0,120.0,Disclosure
Canadian Hip Hop,Solo,2013.0,2013.0,100.0,Drake
Canadian Hip Hop,Solo,2013.0,2013.0,86.0,Drake
Destroy Techno,Solo,2013.0,2013.0,124.0,Duke Dumont
Detroit Hip Hop,Solo,2013.0,2013.0,110.0,Eminem
Detroit Hip Hop,Solo,2013.0,2013.0,95.0,Eminem
Emo,Band/Group,2013.0,2013.0,152.0,Fall Out Boy
Candy Pop,Duo,2013.0,2013.0,126.0,Icona Pop
Conscious Hip Hop,Solo,2013.0,2013.0,100.0,J. Cole
Dance Pop,Solo,2013.0,2013.0,100.0,Jason Derulo
Dance Pop,Solo,2013.0,2013.0,128.0,Jason Derulo
East Coast Hip Hop,Solo,2013.0,2013.0,145.0,JAY-Z
Dance Pop,Solo,2013.0,2013.0,126.0,John Newman
Dance Pop,Solo,2013.0,2013.0,77.0,Justin Timberlake
Dance Pop,Solo,2013.0,2013.0,102.0,Justin Timberlake
Chicago Rap,Solo,2013.0,2013.0,130.0,Kanye West
Dance Pop,Solo,2013.0,2013.0,96.0,Katy Perry
Austrian Pop,Duo,2013.0,2013.0,120.0,Klangkarussell
Irish Pop,Band/Group,2013.0,2013.0,187.0,Kodaline
Irish Pop,Band/Group,2013.0,2013.0,77.0,Kodaline
Art Pop,Solo,2013.0,2013.0,126.0,Lana Del Rey
Hip Hop,Solo,2013.0,2013.0,125.0,Lil Wayne
Art Pop,Solo,2013.0,2013.0,85.0,Lorde
Art Pop,Solo,2013.0,2013.0,100.0,Lorde
Adult Standards,Solo,2013.0,2013.0,144.0,Michael Bublé
Dance Pop,Solo,2013.0,2013.0,80.0,Miley Cyrus
Tropical House,Solo,2013.0,2013.0,125.0,Naughty Boy
Dance Pop,Solo,2013.0,2013.0,116.0,Nelly
Boy Band,Band/Group,2013.0,2013.0,118.0,One Direction
Boy Band,Band/Group,2013.0,2013.0,162.0,One Direction
Candy Pop,Band/Group,2013.0,2013.0,136.0,Paramore
Candy Pop,Band/Group,2013.0,2013.0,104.0,Paramore
Folk-Pop,Solo,2013.0,2013.0,121.0,Phillip Phillips
Contemporary R&B,Solo,2013.0,2013.0,120.0,Robin Thicke
Dance Pop,Solo,2013.0,2013.0,175.0,Rudimental
Dance Pop,Solo,2013.0,2013.0,128.0,Sebastian Ingrosso
Dance Pop,Solo,2013.0,2013.0,80.0,Selena Gomez
Deep Disco House,Solo,2013.0,2013.0,120.0,Storm Queen
Belgian Pop,Solo,2013.0,2013.0,116.0,Stromae
Modern Alternative Rock,Band/Group,2013.0,2013.0,100.0,The 1975
Modern Alternative Rock,Band/Group,2013.0,2013.0,124.0,The Neighbourhood
Bubblegum Dance,Band/Group,2013.0,2013.0,124.0,The Saturdays
Chill Pop,Solo,2013.0,2013.0,123.0,Tom Odell
Gangster Rap,Solo,2013.0,2013.0,114.0,Wale
Dance Pop,Solo,2013.0,2013.0,130.0,will.i.am
Dance Pop,Solo,2013.0,2013.0,128.0,will.i.am
Comic,Duo,2013.0,2013.0,128.0,Ylvis
Dance Pop,Solo,2013.0,2012.0,128.0,Alesso
EDM,Duo,2013.0,2012.0,122.0,Disclosure
Candy Pop,Duo,2013.0,2012.0,126.0,Icona Pop
Folk-Pop,Solo,2013.0,2012.0,118.0,Phillip Phillips
Folk-Pop,Solo,2013.0,2012.0,121.0,Phillip Phillips
Dance Pop,Band/Group,2013.0,2012.0,180.0,Rudimental
Dance Pop,Duo,2012.0,2014.0,102.0,MKTO
Dance Pop,Solo,2012.0,2014.0,130.0,Pitbull
Complextro,Solo,2012.0,2014.0,128.0,Zedd
Dance Pop,Solo,2012.0,2013.0,128.0,Avicii
Dance Pop,Solo,2012.0,2013.0,93.0,Bridgit Mendler
Dance Pop,Solo,2012.0,2013.0,144.0,Bruno Mars
Dance Pop,Solo,2012.0,2013.0,73.0,Bruno Mars
Dance Pop,Solo,2012.0,2013.0,116.0,Bruno Mars
Dance Pop,Solo,2012.0,2013.0,128.0,Calvin Harris
Dance Pop,Solo,2012.0,2013.0,125.0,Calvin Harris
Dance Pop,Solo,2012.0,2013.0,128.0,Calvin Harris
Dance Pop,Solo,2012.0,2013.0,128.0,Calvin Harris
Dance Pop,Solo,2012.0,2013.0,126.0,Flo Rida
Contemporary Country,Duo,2012.0,2013.0,148.0,Florida Georgia Line
Modern Rock,Band/Group,2012.0,2013.0,90.0,Imagine Dragons
Modern Rock,Band/Group,2012.0,2013.0,136.0,Imagine Dragons
Canadian Pop,Solo,2012.0,2013.0,128.0,Justin Bieber
Dance Pop,Duo,2012.0,2013.0,146.0,Macklemore & Ryan Lewis
Dance Pop,Duo,2012.0,2013.0,95.0,Macklemore & Ryan Lewis
Dance Pop,Duo,2012.0,2013.0,85.0,Macklemore & Ryan Lewis
Pop,Band/Group,2012.0,2013.0,120.0,Maroon 5
Modern Folk Rock,Band/Group,2012.0,2013.0,131.0,Mumford & Sons
Folk-Pop,Band/Group,2012.0,2013.0,103.0,Of Monsters and Men
Dance Pop,Solo,2012.0,2013.0,192.0,P!nk
Dance Pop,Solo,2012.0,2013.0,136.0,Pitbull
Dance Pop,Solo,2012.0,2013.0,127.0,Pitbull
Pop,Solo,2012.0,2013.0,77.0,Taylor Swift
Pop,Solo,2012.0,2013.0,104.0,Taylor Swift
Pop,Solo,2012.0,2013.0,80.0,Taylor Swift
Folk-Pop,Band/Group,2012.0,2013.0,80.0,The Lumineers
Complextro,Solo,2012.0,2013.0,128.0,Zedd
British Soul,Solo,2012.0,2012.0,76.0,Adele
Indie Rock,Band/Group,2012.0,2012.0,150.0,alt-J
Garage Rock,Band/Group,2012.0,2012.0,97.0,Arctic Monkeys
Israeli Pop,Solo,2012.0,2012.0,119.0,Asaf Avidan
Dance Pop,Solo,2012.0,2012.0,128.0,Avicii
Atl Hip Hop,Solo,2012.0,2012.0,86.0,B.o.B
Dance Pop,Solo,2012.0,2012.0,144.0,Bruno Mars
Dance Pop,Solo,2012.0,2012.0,128.0,Calvin Harris
Dance Pop,Solo,2012.0,2012.0,128.0,Calvin Harris
Dance Pop,Solo,2012.0,2012.0,128.0,Calvin Harris
Canadian Pop,Solo,2012.0,2012.0,120.0,Carly Rae Jepsen
Contemporary Country,Solo,2012.0,2012.0,137.0,Carrie Underwood
Dance Pop,Solo,2012.0,2012.0,98.0,Cher Lloyd
Dance Pop,Solo,2012.0,2012.0,130.0,Chris Brown
Dance Pop,Solo,2012.0,2012.0,125.0,DEV
Dance Pop,Solo,2012.0,2012.0,128.0,Flo Rida
Baroque Pop,Band/Group,2012.0,2012.0,126.0,Florence + The Machine
Alternative R&B,Solo,2012.0,2012.0,123.0,Frank Ocean
Alternative R&B,Solo,2012.0,2012.0,130.0,Frank Ocean
Baroque Pop,Band/Group,2012.0,2012.0,184.0,fun.
Baroque Pop,Band/Group,2012.0,2012.0,108.0,fun.
Art Pop,Solo,2012.0,2012.0,156.0,Grimes
Modern Rock,Band/Group,2012.0,2012.0,105.0,Imagine Dragons
Modern Rock,Band/Group,2012.0,2012.0,100.0,Imagine Dragons
Canadian Pop,Solo,2012.0,2012.0,97.0,Justin Bieber
Chicago Rap,Solo,2012.0,2012.0,140.0,Kanye West
Dance Pop,Duo,2012.0,2012.0,120.0,Karmin
Dance Pop,Solo,2012.0,2012.0,134.0,Katy Perry
Dance Pop,Solo,2012.0,2012.0,130.0,Katy Perry
Conscious Hip Hop,Solo,2012.0,2012.0,74.0,Kendrick Lamar
Conscious Hip Hop,Solo,2012.0,2012.0,91.0,Kendrick Lamar
Dance Pop,Solo,2012.0,2012.0,128.0,Kesha
Dance Pop,Solo,2012.0,2012.0,126.0,Kesha
Art Pop,Solo,2012.0,2012.0,94.0,Lana Del Rey
Art Pop,Solo,2012.0,2012.0,122.0,Lana Del Rey
Art Pop,Solo,2012.0,2012.0,86.0,Lana Del Rey
Alternative Metal,Band/Group,2012.0,2012.0,110.0,Linkin Park
Chicago Rap,Solo,2012.0,2012.0,168.0,Lupe Fiasco
Art Pop,Solo,2012.0,2012.0,128.0,MARINA
Art Pop,Solo,2012.0,2012.0,140.0,MARINA
Pop,Band/Group,2012.0,2012.0,93.0,Maroon 5
Pop,Band/Group,2012.0,2012.0,110.0,Maroon 5
Dance Pop,Solo,2012.0,2012.0,179.0,Miguel
Modern Rock,Band/Group,2012.0,2012.0,180.0,Muse
Modern Alternative Rock,Band/Group,2012.0,2012.0,155.0,Neon Trees
Dance Pop,Solo,2012.0,2012.0,125.0,Nicki Minaj
Folk-Pop,Band/Group,2012.0,2012.0,112.0,Of Monsters and Men
Dance Pop,Solo,2012.0,2012.0,106.0,Olly Murs
Boy Band,Band/Group,2012.0,2012.0,125.0,One Direction
Boy Band,Band/Group,2012.0,2012.0,126.0,One Direction
EDM,Solo,2012.0,2012.0,126.0,Otto Knows
Indietronica,Band/Group,2012.0,2012.0,126.0,Owl City
Dance Pop,Solo,2012.0,2012.0,114.0,P!nk
Alternative Dance,Band/Group,2012.0,2012.0,101.0,Passion Pit
K-Pop,Solo,2012.0,2012.0,132.0,PSY
Dance Pop,Solo,2012.0,2012.0,72.0,Rita Ora
Dance Pop,Solo,2012.0,2012.0,116.0,Robbie Williams
Gangster Rap,Solo,2012.0,2012.0,128.0,ScHoolboy Q
Dance Pop,Band/Group,2012.0,2012.0,129.0,Swedish House Mafia
Pop,Solo,2012.0,2012.0,77.0,Taylor Swift
Pop,Solo,2012.0,2012.0,86.0,Taylor Swift
Folk-Pop,Band/Group,2012.0,2012.0,80.0,The Lumineers
Boy Band,Band/Group,2012.0,2012.0,128.0,The Wanted
Downtempo,Band/Group,2012.0,2012.0,92.0,The xx
Dance Pop,Band/Group,2012.0,2012.0,122.0,Train
Dance Pop,Band/Group,2012.0,2012.0,140.0,Train
Dance Pop,Solo,2012.0,2012.0,150.0,Trey Songz
Dance Pop,Solo,2012.0,2012.0,99.0,Tyga
Dance Pop,Solo,2012.0,2012.0,95.0,Tyga
Atl Hip Hop,Solo,2012.0,2012.0,136.0,Usher
Dance Pop,Band/Group,2012.0,2012.0,140.0,WALK THE MOON
Dance Pop,Solo,2012.0,2012.0,140.0,Wiz Khalifa
Dance Pop,Solo,2012.0,2011.0,128.0,Calvin Harris
Dancefloor Dnb,Solo,2012.0,2011.0,140.0,DJ Fresh
Dance Pop,Solo,2012.0,2011.0,126.0,Katy Perry
Dance Pop,Solo,2012.0,2011.0,152.0,Katy Perry
Indie Poptimism,Solo,2012.0,2011.0,153.0,Labrinth
Dance Pop,Solo,2012.0,2010.0,125.0,Katy Perry
La Indie,Band/Group,2011.0,2013.0,119.0,AWOLNATION
Big Room,Solo,2011.0,2013.0,130.0,David Guetta
British Soul,Solo,2011.0,2012.0,120.0,Adele
Modern Alternative Rock,Solo,2011.0,2012.0,126.0,Alex Clare
Dance Pop,Solo,2011.0,2012.0,126.0,Avicii
Dance Pop,Solo,2011.0,2012.0,150.0,Bruno Mars
Permanent Wave,Band/Group,2011.0,2012.0,140.0,Coldplay
Permanent Wave,Band/Group,2011.0,2012.0,85.0,Coldplay
Big Room,Solo,2011.0,2012.0,128.0,David Guetta
Canadian Hip Hop,Solo,2011.0,2012.0,122.0,Drake
Canadian Hip Hop,Solo,2011.0,2012.0,202.0,Drake
Australian Pop,Solo,2011.0,2012.0,129.0,Gotye
Dance Pop,Band/Group,2011.0,2012.0,130.0,Gym Class Heroes
East Coast Hip Hop,Solo,2011.0,2012.0,140.0,JAY-Z
Dance Pop,Duo,2011.0,2012.0,130.0,LMFAO
Dance Pop,Solo,2011.0,2012.0,125.0,Nicki Minaj
Barbadian Pop,Solo,2011.0,2012.0,128.0,Rihanna
Barbadian Pop,Solo,2011.0,2012.0,128.0,Rihanna
Uk Hip Hop,Duo,2011.0,2012.0,98.0,Rizzle Kicks
Brostep,Solo,2011.0,2012.0,110.0,Skrillex
G Funk,Solo,2011.0,2012.0,95.0,Snoop Dogg
British Soul,Solo,2011.0,2011.0,105.0,Adele
British Soul,Solo,2011.0,2011.0,108.0,Adele
Dance Pop,Solo,2011.0,2011.0,127.0,Alexandra Stan
Canadian Pop,Solo,2011.0,2011.0,150.0,Avril Lavigne
Detroit Hip Hop,Duo,2011.0,2011.0,90.0,Bad Meets Evil
Dance Pop,Solo,2011.0,2011.0,94.0,Beyoncé
Dance Pop,Solo,2011.0,2011.0,99.0,Beyoncé
Pop,Solo,2011.0,2011.0,166.0,Birdy
Contemporary Country,Solo,2011.0,2011.0,206.0,Blake Shelton
Eau Claire Indie,Band/Group,2011.0,2011.0,148.0,Bon Iver
Dance Pop,Solo,2011.0,2011.0,130.0,Britney Spears
Dance Pop,Solo,2011.0,2011.0,132.0,Britney Spears
Dancefloor Dnb,Duo,2011.0,2011.0,140.0,Chase & Status
Grime,Solo,2011.0,2011.0,190.0,Chip
Dance Pop,Solo,2011.0,2011.0,146.0,Chris Brown
Dance Pop,Solo,2011.0,2011.0,130.0,Chris Brown
Dance Pop,Solo,2011.0,2011.0,75.0,Christina Perri
Dance Pop,Band/Group,2011.0,2011.0,132.0,Cobra Starship
Permanent Wave,Band/Group,2011.0,2011.0,140.0,Coldplay
Permanent Wave,Band/Group,2011.0,2011.0,118.0,Coldplay
Big Room,Solo,2011.0,2011.0,130.0,David Guetta
Dance Pop,Solo,2011.0,2011.0,149.0,DJ Khaled
G Funk,Solo,2011.0,2011.0,156.0,Dr. Dre
Canadian Hip Hop,Solo,2011.0,2011.0,152.0,Drake
Pop,Solo,2011.0,2011.0,85.0,Ed Sheeran
Pop,Solo,2011.0,2011.0,160.0,Ed Sheeran
Contemporary Country,Solo,2011.0,2011.0,104.0,Eric Church
Dance Pop,Solo,2011.0,2011.0,127.0,Example
Baroque Pop,Band/Group,2011.0,2011.0,107.0,Florence + The Machine
Indietronica,Band/Group,2011.0,2011.0,128.0,Foster The People
Indie Pop,Band/Group,2011.0,2011.0,113.0,Grouplove
Dance Pop,Band/Group,2011.0,2011.0,90.0,Gym Class Heroes
Dance Pop,Band/Group,2011.0,2011.0,100.0,Hot Chelle Rae
Dance Pop,Solo,2011.0,2011.0,92.0,Jason Derulo
Dance Pop,Solo,2011.0,2011.0,122.0,Jason Derulo
Dance Pop,Solo,2011.0,2011.0,130.0,Jennifer Lopez
Dance Pop,Solo,2011.0,2011.0,140.0,Jessie J
Atl Hip Hop,Solo,2011.0,2011.0,141.0,Kelly Rowland
Contemporary Country,Band/Group,2011.0,2011.0,143.0,Lady A
Art Pop,Solo,2011.0,2011.0,124.0,Lady Gaga
Art Pop,Solo,2011.0,2011.0,128.0,Lady Gaga
Hip Hop,Solo,2011.0,2011.0,79.0,Lil Wayne
Hip Hop,Solo,2011.0,2011.0,154.0,Lil Wayne
Dance Pop,Duo,2011.0,2011.0,130.0,LMFAO
Dance Pop,Duo,2011.0,2011.0,130.0,LMFAO
Chicago Rap,Solo,2011.0,2011.0,143.0,Lupe Fiasco
French Shoegaze,Duo,2011.0,2011.0,105.0,M83
Hip Hop,Solo,2011.0,2011.0,163.0,Mac Miller
Pop Rap,Solo,2011.0,2011.0,104.0,Mann
Alternative Metal,Band/Group,2011.0,2011.0,188.0,Nickelback
Indie Folk,Band/Group,2011.0,2011.0,82.0,Noah And The Whale
Dance Pop,Solo,2011.0,2011.0,111.0,Olly Murs
Dance Pop,Solo,2011.0,2011.0,129.0,Pitbull
Dance Pop,Solo,2011.0,2011.0,128.0,Pitbull
Alternative Rock,Band/Group,2011.0,2011.0,106.0,Red Hot Chili Peppers
Barbadian Pop,Solo,2011.0,2011.0,128.0,Rihanna
Uk Hip Hop,Duo,2011.0,2011.0,115.0,Rizzle Kicks
Electro House,Solo,2011.0,2011.0,128.0,Sak Noel
Dance Pop,Band/Group,2011.0,2011.0,117.0,Selena Gomez & The Scene
Dance Pop,Band/Group,2011.0,2011.0,101.0,Selena Gomez & The Scene
G Funk,Solo,2011.0,2011.0,130.0,Snoop Dogg
Dance Pop,Band/Group,2011.0,2011.0,127.0,Swedish House Mafia
Dance Pop,Solo,2011.0,2011.0,128.0,Taio Cruz
Boy Band,Band/Group,2011.0,2011.0,127.0,The Wanted
Dance Pop,Solo,2011.0,2011.0,164.0,Wiz Khalifa
Dance Pop,Solo,2011.0,2011.0,125.0,Wiz Khalifa
Pop Rap,Band/Group,2011.0,2010.0,85.0,Cali Swag District
Dance Pop,Solo,2011.0,2010.0,74.0,Chris Brown
Atl Hip Hop,Solo,2011.0,2010.0,125.0,Kelly Rowland
Talent Show,Solo,2011.0,2010.0,82.0,Matt Cardle
Pop,Solo,2011.0,2010.0,158.0,Taylor Swift
Celtic Rock,Band/Group,2011.0,2010.0,174.0,The Script
Dancefloor Dnb,Solo,2010.0,2012.0,175.0,DJ Fresh
Dance Pop,Solo,2010.0,2012.0,120.0,Ellie Goulding
Dance Pop,Band/Group,2010.0,2011.0,94.0,Black Eyed Peas
Dance Pop,Solo,2010.0,2011.0,110.0,Bruno Mars
Dance Pop,Solo,2010.0,2011.0,145.0,Bruno Mars
Dance Pop,Solo,2010.0,2011.0,175.0,Bruno Mars
Big Room,Solo,2010.0,2011.0,128.0,David Guetta
Hip Pop,Duo,2010.0,2011.0,168.0,Diddy - Dirty Money
Romanian House,Solo,2010.0,2011.0,127.0,Edward Maya
Dance Pop,Solo,2010.0,2011.0,126.0,Enrique Iglesias
Asian American Hip Hop,Band/Group,2010.0,2011.0,96.0,Far East Movement
Contemporary Country,Solo,2010.0,2011.0,127.0,Jason Aldean
Chicago Rap,Solo,2010.0,2011.0,160.0,Jeremih
Chicago Rap,Solo,2010.0,2011.0,142.0,Kanye West
Dance Pop,Solo,2010.0,2011.0,124.0,Katy Perry
Dance Pop,Solo,2010.0,2011.0,160.0,Keri Hilson
Dance Pop,Solo,2010.0,2011.0,120.0,Kesha
Dance Pop,Solo,2010.0,2011.0,120.0,Kesha
Pop,Band/Group,2010.0,2011.0,128.0,Maroon 5
Dance Pop,Solo,2010.0,2011.0,81.0,Miguel
Dance Pop,Solo,2010.0,2011.0,127.0,Nicki Minaj
Dance Pop,Solo,2010.0,2011.0,122.0,P!nk
Barbadian Pop,Solo,2010.0,2011.0,128.0,Rihanna
Barbadian Pop,Solo,2010.0,2011.0,100.0,Rihanna
Contemporary Country,Band/Group,2010.0,2011.0,131.0,The Band Perry
Atl Hip Hop,Solo,2010.0,2011.0,125.0,Usher
Atl Hip Hop,Solo,2010.0,2011.0,131.0,Waka Flocka Flame
Dance Pop,Duo,2010.0,2010.0,138.0,3OH!3
Pop Soul,Solo,2010.0,2010.0,95.0,Aloe Blacc
Atl Hip Hop,Solo,2010.0,2010.0,93.0,B.o.B
Atl Hip Hop,Solo,2010.0,2010.0,104.0,B.o.B
Atl Hip Hop,Solo,2010.0,2010.0,82.0,B.o.B
Dance Pop,Band/Group,2010.0,2010.0,128.0,Black Eyed Peas
Dance Pop,Solo,2010.0,2010.0,146.0,Bruno Mars
Dance Pop,Solo,2010.0,2010.0,109.0,Bruno Mars
Atl Hip Hop,Solo,2010.0,2010.0,127.0,CeeLo Green
Dance Pop,Solo,2010.0,2010.0,150.0,DJ Khaled
Canadian Hip Hop,Solo,2010.0,2010.0,100.0,Drake
Canadian Hip Hop,Solo,2010.0,2010.0,96.0,Drake
Disco House,Duo,2010.0,2010.0,128.0,Duck Sauce
Romanian House,Solo,2010.0,2010.0,127.0,Edward Maya
Lilith,Solo,2010.0,2010.0,133.0,Eliza Doolittle
Dance Pop,Solo,2010.0,2010.0,150.0,Ellie Goulding
Detroit Hip Hop,Solo,2010.0,2010.0,87.0,Eminem
Detroit Hip Hop,Solo,2010.0,2010.0,115.0,Eminem
Dance Pop,Solo,2010.0,2010.0,129.0,Enrique Iglesias
Dance Pop,Solo,2010.0,2010.0,126.0,Example
Asian American Hip Hop,Band/Group,2010.0,2010.0,125.0,Far East Movement
Dance Pop,Solo,2010.0,2010.0,128.0,Flo Rida
Dance Pop,Solo,2010.0,2010.0,128.0,INNA
Dance Pop,Solo,2010.0,2010.0,144.0,Jason Derulo
Dance Pop,Solo,2010.0,2010.0,89.0,Jason Derulo
Dance Pop,Solo,2010.0,2010.0,110.0,Jason Derulo
Canadian Pop,Solo,2010.0,2010.0,65.0,Justin Bieber
Dance Pop,Solo,2010.0,2010.0,120.0,Katy Perry
Dance Pop,Solo,2010.0,2010.0,120.0,Kesha
Dance Pop,Solo,2010.0,2010.0,120.0,Kesha
Dance Pop,Solo,2010.0,2010.0,125.0,Kesha
Dance Pop,Solo,2010.0,2010.0,120.0,Kesha
Hip Hop,Solo,2010.0,2010.0,76.0,Lil Wayne
Atl Hip Hop,Solo,2010.0,2010.0,85.0,Ludacris
Atl Hip Hop,Solo,2010.0,2010.0,144.0,Ludacris
Pop,Band/Group,2010.0,2010.0,103.0,Maroon 5
Dance Pop,Solo,2010.0,2010.0,130.0,Mike Posner
Dance Pop,Solo,2010.0,2010.0,117.0,Miley Cyrus
Modern Alternative Rock,Band/Group,2010.0,2010.0,148.0,Neon Trees
Grime,Duo,2010.0,2010.0,147.0,Plan B
Barbadian Pop,Solo,2010.0,2010.0,126.0,Rihanna
Barbadian Pop,Solo,2010.0,2010.0,100.0,Rihanna
Barbadian Pop,Solo,2010.0,2010.0,156.0,Rihanna
Art Pop,Solo,2010.0,2010.0,117.0,Robyn
Acoustic Pop,Solo,2010.0,2010.0,119.0,Sara Bareilles
Belgian Pop,Solo,2010.0,2010.0,120.0,Stromae
Contemporary Country,Duo,2010.0,2010.0,84.0,Sugarland
Dance Pop,Band/Group,2010.0,2010.0,125.0,Swedish House Mafia
Dance Pop,Band/Group,2010.0,2010.0,125.0,Swedish House Mafia
Dance Pop,Solo,2010.0,2010.0,120.0,Taio Cruz
Dance Pop,Solo,2010.0,2010.0,122.0,Taio Cruz
Boy Band,Band/Group,2010.0,2010.0,101.0,Take That
Pop,Solo,2010.0,2010.0,142.0,Taylor Swift
Pop,Solo,2010.0,2010.0,121.0,Taylor Swift
Contemporary Country,Band/Group,2010.0,2010.0,131.0,The Band Perry
Boy Band,Band/Group,2010.0,2010.0,134.0,The Wanted
EDM,Solo,2010.0,2010.0,126.0,Tim Berg
Dance Pop,Solo,2010.0,2010.0,91.0,Tinie Tempah
Dance Pop,Solo,2010.0,2010.0,123.0,Tinie Tempah
Dance Pop,Band/Group,2010.0,2010.0,97.0,Train
Dance Pop,Solo,2010.0,2010.0,87.0,Travie McCoy
Dance Pop,Solo,2010.0,2010.0,74.0,Trey Songz
Indie Rock,Band/Group,2010.0,2010.0,139.0,Two Door Cinema Club
Atl Hip Hop,Solo,2010.0,2010.0,120.0,Usher
Atl Hip Hop,Solo,2010.0,2010.0,130.0,Usher
Atl Hip Hop,Solo,2010.0,2010.0,96.0,Usher
Atl Hip Hop,Solo,2010.0,2010.0,131.0,Waka Flocka Flame
Dance Pop,Band/Group,2009.0,2011.0,95.0,OneRepublic
Dance Pop,Duo,2009.0,2010.0,140.0,3OH!3
Dance Pop,Band/Group,2009.0,2010.0,92.0,Black Eyed Peas
Big Room,Solo,2009.0,2010.0,130.0,David Guetta
Big Room,Solo,2009.0,2010.0,130.0,David Guetta
Dance Pop,Solo,2009.0,2010.0,91.0,Iyaz
Dance Pop,Solo,2009.0,2010.0,132.0,Jay Sean
Dance Pop,Solo,2009.0,2010.0,126.0,Jay Sean
East Coast Hip Hop,Solo,2009.0,2010.0,140.0,JAY-Z
Neo Mellow,Solo,2009.0,2010.0,97.0,John Mayer
Neo Mellow,Solo,2009.0,2010.0,115.0,John Mayer
Reggae Fusion,Solo,2009.0,2010.0,76.0,K'NAAN
Idol,Solo,2009.0,2010.0,92.0,Kris Allen
Art Pop,Solo,2009.0,2010.0,119.0,Lady Gaga
Art Pop,Solo,2009.0,2010.0,122.0,Lady Gaga
Art Pop,Solo,2009.0,2010.0,99.0,Lady Gaga
Indietronica,Band/Group,2009.0,2010.0,180.0,Owl City
Barbadian Pop,Solo,2009.0,2010.0,174.0,Rihanna
Barbadian Pop,Solo,2009.0,2010.0,182.0,Rihanna
Dutch House,Solo,2009.0,2010.0,126.0,Sidney Samson
Dance Pop,Solo,2009.0,2010.0,116.0,Timbaland
Dance Pop,Solo,2009.0,2010.0,126.0,Timbaland
Dance Pop,Solo,2009.0,2010.0,93.0,Trey Songz
Dance Pop,Band/Group,2009.0,2010.0,148.0,Young Money
Classic Rock,Band/Group,1975.0,2019.0,144.0,Queen
